<?xml version="1.0" encoding="UTF-8"?>
<project-private xmlns="http://www.netbeans.org/ns/project-private/1">
    <editor-bookmarks xmlns="http://www.netbeans.org/ns/editor-bookmarks/2" lastBookmarkId="0"/>
    <open-files xmlns="http://www.netbeans.org/ns/projectui-open-files/2">
        <group>
            <file>file:/C:/Users/eaibrahim2019/Desktop/GRIMMGraderMondayDemo/GRIMMGrader_JarExecutor/src/grimmgrader/FXMLDocumentController.java</file>
            <file>file:/C:/Users/eaibrahim2019/Desktop/GRIMMGraderMondayDemo/GRIMMGrader_JarExecutor/src/grimmgrader/Unzipper.java</file>
            <file>file:/C:/Users/eaibrahim2019/Desktop/GRIMMGraderMondayDemo/GRIMMGrader_JarExecutor/src/grimmgrader/CommandExecutor.java</file>
            <file>file:/C:/Users/eaibrahim2019/Desktop/GRIMMGraderMondayDemo/GRIMMGrader_JarExecutor/src/grimmgrader/InputTextinfo.java</file>
            <file>file:/C:/Users/eaibrahim2019/Desktop/GRIMMGraderMondayDemo/GRIMMGrader_JarExecutor/src/grimmgrader/FilePathPickerDialog.java</file>
            <file>file:/C:/Users/eaibrahim2019/Desktop/GRIMMGraderMondayDemo/GRIMMGrader_JarExecutor/src/grimmgrader/SavedInputsController.java</file>
            <file>file:/C:/Users/eaibrahim2019/Desktop/GRIMMGraderMondayDemo/GRIMMGrader_JarExecutor/src/grimmgrader/MagicTest.java</file>
            <file>file:/C:/Users/eaibrahim2019/Desktop/GRIMMGraderMondayDemo/GRIMMGrader_JarExecutor/src/grimmgrader/FileWrite.java</file>
            <file>file:/C:/Users/eaibrahim2019/Desktop/GRIMMGraderMondayDemo/GRIMMGrader_JarExecutor/src/grimmgrader/FXMLDocument.fxml</file>
            <file>file:/C:/Users/eaibrahim2019/Desktop/GRIMMGraderMondayDemo/GRIMMGrader_JarExecutor/src/grimmgrader/WelcomeScreenController.java</file>
        </group>
    </open-files>
</project-private>
