<?xml version="1.0" encoding="UTF-8"?>
<project-private xmlns="http://www.netbeans.org/ns/project-private/1">
    <editor-bookmarks xmlns="http://www.netbeans.org/ns/editor-bookmarks/2" lastBookmarkId="0"/>
    <open-files xmlns="http://www.netbeans.org/ns/projectui-open-files/2">
        <group>
            <file>file://Cratus/Students/RWMorley2019/My%20Documents/NetBeansProjects/CupRunner/src/cuprunner/CupRunner.java</file>
            <file>file://Cratus/Students/RWMorley2019/My%20Documents/NetBeansProjects/CupRunner/src/cuprunner/Cup.java</file>
        </group>
    </open-files>
</project-private>
