<?xml version="1.0" encoding="UTF-8"?>
<project-private xmlns="http://www.netbeans.org/ns/project-private/1">
    <editor-bookmarks xmlns="http://www.netbeans.org/ns/editor-bookmarks/2" lastBookmarkId="0"/>
    <open-files xmlns="http://www.netbeans.org/ns/projectui-open-files/2">
        <group>
            <file>file:/C:/Users/nsalemu2019/Desktop/GRIMMGrader_Sprint3Integration/GRIMMGrader_JarExecutor/src/grimmgrader/Unzipper.java</file>
            <file>file:/C:/Users/nsalemu2019/Desktop/GRIMMGrader_Sprint3Integration/GRIMMGrader_JarExecutor/src/grimmgrader/GRIMMGrader.java</file>
            <file>file:/C:/Users/nsalemu2019/Desktop/GRIMMGrader_Sprint3Integration/GRIMMGrader_JarExecutor/src/grimmgrader/CommandExecutor.java</file>
            <file>file:/C:/Users/nsalemu2019/Desktop/GRIMMGrader_Sprint3Integration/GRIMMGrader_JarExecutor/src/grimmgrader/FilePathPickerDialog.java</file>
            <file>file:/C:/Users/nsalemu2019/Desktop/GRIMMGrader_Sprint3Integration/GRIMMGrader_JarExecutor/src/grimmgrader/FXMLDocumentController.java</file>
        </group>
    </open-files>
</project-private>
