<?xml version="1.0" encoding="UTF-8"?>
<project-private xmlns="http://www.netbeans.org/ns/project-private/1">
    <editor-bookmarks xmlns="http://www.netbeans.org/ns/editor-bookmarks/2" lastBookmarkId="0"/>
    <open-files xmlns="http://www.netbeans.org/ns/projectui-open-files/2">
        <group>
            <file>file://Cratus/Students/eaibrahim2019/My%20Documents/NetBeansProjects/OddNumbers/src/oddnumbers/OddNumbers.java</file>
            <file>file://Cratus/Students/eaibrahim2019/My%20Documents/NetBeansProjects/OddNumbers/src/oddnumbers/CheckOdd.java</file>
        </group>
    </open-files>
</project-private>
