<?xml version="1.0" encoding="UTF-8"?>
<project-private xmlns="http://www.netbeans.org/ns/project-private/1">
    <editor-bookmarks xmlns="http://www.netbeans.org/ns/editor-bookmarks/2" lastBookmarkId="0"/>
    <open-files xmlns="http://www.netbeans.org/ns/projectui-open-files/2">
        <group>
            <file>file:/C:/Users/qwert/OneDrive/Desktop/GRIMMGraderMondayDemo/GRIMMGrader_JarExecutor/src/grimmgrader/MagicTest.java</file>
            <file>file:/C:/Users/qwert/OneDrive/Desktop/GRIMMGraderMondayDemo/GRIMMGrader_JarExecutor/src/grimmgrader/ProjectInfo.java</file>
            <file>file:/C:/Users/qwert/OneDrive/Desktop/GRIMMGraderMondayDemo/GRIMMGrader_JarExecutor/src/grimmgrader/InputTextinfo.java</file>
            <file>file:/C:/Users/qwert/OneDrive/Desktop/GRIMMGraderMondayDemo/GRIMMGrader_JarExecutor/src/grimmgrader/ReadErrors.java</file>
            <file>file:/C:/Users/qwert/OneDrive/Desktop/GRIMMGraderMondayDemo/GRIMMGrader_JarExecutor/src/grimmgrader/FXMLDocumentController.java</file>
            <file>file:/C:/Users/qwert/OneDrive/Desktop/GRIMMGraderMondayDemo/GRIMMGrader_JarExecutor/src/grimmgrader/FilePathPickerDialog.java</file>
            <file>file:/C:/Users/qwert/OneDrive/Desktop/GRIMMGraderMondayDemo/GRIMMGrader_JarExecutor/src/grimmgrader/FileWrite.java</file>
            <file>file:/C:/Users/qwert/OneDrive/Desktop/GRIMMGraderMondayDemo/GRIMMGrader_JarExecutor/src/grimmgrader/CommandExecutor.java</file>
        </group>
    </open-files>
</project-private>
